{"Abadi, Medan, Sumatra Utara": [3.5735369, 98.6323954], "Akses UI, Depok, Jawa Barat": [-6.3548682, 106.8447785], "Aloha, Sidoarjo, Jawa Timur": [-7.3717825, 112.7263242], "Aren Jaya, Bekasi, Jawa Barat": [-6.2405369, 107.0247582], "Bangbarung, Bogor, Jawa Barat": [-6.5810918, 106.8076323], "Bawean, Surabaya, Jawa Timur": [-7.2776321, 112.7449718], "Bendungan Hilir, Jakarta Pusat, Jakarta": [-6.2150538, 106.8107299], "Binjai, Sumatra Utara": [3.6223218, 98.4311626], "Bintaro, Jakarta Selatan, Jakarta": [-6.2703879, 106.7278611], "Blok M, Jakarta Selatan, Jakarta": [-6.244593, 106.7984603], "Bogor Utara, Bogor, Jawa Barat": [-6.5717133, 106.7836422], "Buaran, Jakarta Timur, Jakarta": [-6.2206675, 106.9160849], "Cempaka Mas, Jakarta Selatan, Jakarta": [-6.2533924, 106.797452], "Cibinong, Bogor, Jawa Barat": [-6.4824523, 106.8016856], "Cibubur, Jakarta Timur, Jakarta": [-6.3552213, 106.8646203], "Ciledug, Tanggerang, Banten": [-6.2400938, 106.6873493], "Cipete Raya, Jakarta Selatan, Jakarta": [-6.2779528, 106.8019678], "Deli Tua, Deli Serdang, Sumatra Utara": [3.4999292, 98.6544862], "Delipark, Medan, Sumatra Utara": [3.5941636, 98.6704284], "Delta Sari, Sidoarjo, Jawa Timur": [-7.3646615, 112.7320819], "Demak, Jawa Tengah": [-6.8909975, 110.6221487], "Depok, Jawa Barat": [-6.3878438, 106.7477561], "Dinoyo, Malang, Jawa Timur": [-7.9437514, 112.5997047], "Epicentrum Walk, Jakarta Selatan, Jakarta": [-6.2165857, 106.8332305], "GWalk Citraland, Surabaya, Jawa Timur": [-7.2915571, 112.6523766], "Gaperta, Medan, Sumatra Utara": [3.604873, 98.6367903], "Gayungan, Surabaya, Jawa Timur": [-7.3280617, 112.6929086], "Gedangan, Sidoarjo, Jawa Timur": [-7.3893541, 112.6932438], "Genteng, Banyuwangi, Jawa Timur": [-8.3324789, 114.0850136], "Gress Mall, Gresik, Jawa Timur": [-7.1575957, 112.614448], "Gubeng, Surabaya, Jawa Timur": [-7.2844847, 112.7432513], "J City, Medan, Sumatra Utara": [3.536661, 98.6588366], "Jatiwaringin, Bekasi, Jawa Barat": [-6.2663426, 106.9104208], "Jemursari, Surabaya, Jawa Timur": [-7.3206466, 112.7439231], "Jendral Sudirman, Bogor, Jawa Barat": [-6.5862598, 106.7960011], "Jengki, Jakarta Timur, Jakarta": [-6.2626744, 106.8755569], "Kapten Sumarsono, Deli Serdang, Sumatra Utara": [3.6153729, 98.6452277], "Karawang, Jawa Barat": [-6.2645289, 106.8222403], "Kedungdoro, Surabaya, Jawa Timur": [-7.2632297, 112.7187961], "Kelapa Gading, Jakarta Utara, Jakarta": [-6.1596902, 106.8830528], "Kemang Raya, Jakarta Selatan, Jakarta": [-6.2636232, 106.8138578], "Kertamukti, Tanggerang, Banten": [-6.3105567, 106.7566117], "Ketintang, Surabaya, Jawa Timur": [-7.3185782, 112.709766], "Kutisari, Surabaya, Jawa Timur": [-7.3358625, 112.7409636], "Limo, Jakarta Selatan, Jakarta": [-6.2263371, 106.7824779], "Manukan Kulon, Surabaya, Jawa Timur": [-7.2607352, 112.6485309], "Manyar, Gresik, Jawa Timur": [-7.0953262, 112.5222357], "Medan Maimun, Medan, Sumatra Utara": [3.5654403, 98.6632308], "Medan Mall, Medan, Sumatra Utara": [3.5886247, 98.6841757], "Medan Marelan, Medan, Sumatra Utara": [3.7150388, 98.6171222], "Medan, Sumatra Utara": [3.6422756, 98.5294036], "Multatuli, Medan, Sumatra Utara": [3.5755577, 98.677605], "Mulyorejo, Surabaya, Jawa Timur": [-7.268607, 112.7254996], "Mulyosari, Surabaya, Jawa Timur": [-7.2660014, 112.7939603], "Ngelom, Sidoarjo, Jawa Timur": [-7.3482064, 112.6830776], "Otista, Jakarta Timur, Jakarta": [-6.2349983, 106.8656856], "Palmerah, Jakarta Barat, Jakarta": [-6.1909934, 106.7625546], "Pamulang, Tanggerang, Banten": [-6.3334449, 106.7040722], "Panglima Polim, Jakarta Selatan, Jakarta": [-6.2482467, 106.795583], "Pasundan, Medan, Sumatra Utara": [3.5931723, 98.6570519], "Pemda Cibinong, Bogor, Jawa Barat": [-6.4739637, 106.8260225], "Pengantin Ali, Jakarta Timur, Jakarta": [-6.3215568, 106.8812643], "Percetakan Negara, Jakarta Pusat, Jakarta": [-6.1888144, 106.8595333], "Pinang, Jakarta Barat, Jakarta": [-6.1762406, 106.7090886], "Plaza Surabaya, Surabaya, Jawa Timur": [-7.2653923, 112.7446492], "Polonia, Medan, Sumatra Utara": [3.561904, 98.6562908], "Pondok Kelapa, Jakarta Timur, Jakarta": [-6.2380534, 106.9320836], "Pramuka, Jakarta Timur, Jakarta": [-6.1919326, 106.8681859], "Ramayana Cileungsi, Bogor, Jawa Barat": [-6.4054546, 106.9593221], "Ramayana Parung, Bogor, Jawa Barat": [-6.4192561, 106.7314438], "Ringroad, Medan, Sumatra Utara": [3.5767032, 98.6242702], "Sawotratap, Sidoarjo, Jawa Timur": [-7.3703927, 112.7012211], "Sedati, Sidoarjo, Jawa Timur": [-7.4067755, 112.7235461], "Sequis Tower, Jakarta Selatan, Jakarta": [-6.225763, 106.804963], "Setia Budi, Medan, Sumatra Utara": [3.5731167, 98.6404606], "Setiabudi Barat, Jakarta Selatan, Jakarta": [-6.2095222, 106.8223867], "Sidoarjo, Jawa Timur": [-7.4545793, 112.123847], "Siwalankerto, Surabaya, Jawa Timur": [-7.3365929, 112.7276898], "Stabat, Langkat, Sumatra Utara": [3.7393812, 98.3959872], "Sukolegok, Sidoarjo, Jawa Timur": [-7.3773998, 112.6928592], "Sukolilo, Surabaya, Jawa Timur": [-7.2906299, 112.66899], "Summarecon Bekasi, Bekasi, Jawa Barat": [-6.2333427, 106.9911967], "Sun Plaza, Medan, Sumatra Utara": [3.5820025, 98.6691798], "Suncity Sidoarjo, Sidoarjo, Jawa Timur": [-7.4490624, 112.7074477], "Sunter, Jakarta Utara, Jakarta": [-6.1371242, 106.8458694], "Surabaya, Jawa Timur": [-7.2756141, 112.6426424], "Syahdan, Jakarta Barat, Jakarta": [-6.2008011, 106.7818151], "Tangcity, Tanggerang, Banten": [-6.1939366, 106.6298563], "Tanjung Duren Utara, Jakarta Barat, Jakarta": [-6.1751649, 106.7758102], "Tenggilis Mejoyo, Surabaya, Jawa Timur": [-7.3203822, 112.7409025], "Tenggilis, Surabaya, Jawa Timur": [-6.8216806000000005, 107.49133151035247], "Tropodo, Sidoarjo, Jawa Timur": [-7.3606634, 112.7506036], "Tuasan, Medan, Sumatra Utara": [3.6157949, 98.6985033], "Tugu Tani, Jakarta Pusat, Jakarta": [-6.1826869, 106.8306034], "Tulangan, Sidoarjo, Jawa Timur": [-7.4761871, 112.6127237], "Tunjungan Plaza, Surabaya, Jawa Timur": [-7.2623683, 112.7362544], "Waru, Pamekasan, Jawa Timur": [-7.3535572, 112.632899], "Wiyung, Surabaya, Jawa Timur": [-7.3085636, 112.6577048], "Wonoayu, Sidoarjo, Jawa Timur": [-7.4279071, 112.5941793], "Yasmin Raya, Bogor, Jawa Barat": [-6.5658678, 106.7736308]}